source_subreddit,early_activity,late_activity,decline_percentage,degree,pagerank
3ds,76,32,57.89,114,16.7404
acbanhammer,68,33,51.47,9,0.2704
againstgamergate,113,22,80.53,48,2.0276
againstmensrights,64,23,64.06,76,1.0277
agitation,73,51,30.14,60,0.3465
alienblue,50,12,76.00,68,3.0551
ama,109,104,4.59,261,26.4272
anxiety,88,54,38.64,135,9.4806
argentinacirclejerk,156,82,47.44,53,0.4511
askfeminists,51,44,13.73,98,3.7756
askhistorians,391,339,13.30,514,51.5447
askmen,58,13,77.59,206,21.5602
askphilosophy,118,117,0.85,179,11.7887
askreddit,1213,125,89.69,2524,398.7257
askscience,263,116,55.89,402,59.7268
asksocialscience,66,42,36.36,101,6.0812
asktransgender,148,141,4.73,209,10.7681
assistance,198,100,49.49,270,18.7338
atheism,231,154,33.33,348,23.6163
atletico,234,96,58.97,11,0.8449
autonocontext,63,2,96.83,62,0.2704
bad_religion,240,45,81.25,105,0.7694
badbios,95,13,86.32,52,3.4315
badhistory,598,189,68.39,288,11.5429
badhistory2,108,14,87.04,58,0.4159
badlegaladvice,57,24,57.89,48,0.5117
badliterarystudies,76,72,5.26,45,0.3469
badscience,55,23,58.18,74,2.2578
bakanewsjp,50,4,92.00,45,0.9655
bankballexchange,55,32,41.82,20,0.7361
bdsmcommunity,84,50,40.48,96,4.5798
beermoney,85,58,31.76,130,15.1343
bicycling,60,40,33.33,121,11.0962
biology,75,17,77.33,41,4.058
bitcoin,278,112,59.71,559,69.8211
bitcoinmarkets,82,54,34.15,68,6.3805
bittippers,58,2,96.55,24,1.7296
books,78,74,5.13,381,53.7142
brokehugs,181,99,45.30,38,0.6509
buildapcforme,92,68,26.09,73,6.5169
calgaryflames,51,14,72.55,27,6.6458
cars,107,105,1.87,226,22.2384
casualconversation,175,115,34.29,285,19.1708
casualiama,251,154,38.65,398,39.3357
casualpokemontrades,192,66,65.63,40,2.0367
catholicism,79,69,12.66,121,5.5497
cfbofftopic,54,35,35.19,61,1.703
changemyview,231,194,16.02,447,30.9194
christianity,192,147,23.44,323,23.8887
circlebroke,1474,884,40.03,466,6.7646
circlejerk,326,84,74.23,227,8.9865
circlejerkcopypasta,1046,471,54.97,491,2.0357
circloljerk,119,33,72.27,5,0.2704
civcraft,198,35,82.32,209,31.0103
clubnintendotrade,62,4,93.55,30,2.5119
collegebasketball,55,21,61.82,204,43.9242
competitivehs,81,55,32.10,36,7.4581
computertechs,67,8,88.06,24,2.2421
conspiratard,75,10,86.67,93,2.5711
corejerk,65,3,95.38,11,1.2363
crashwhowritings,168,0,100.00,5,0.4714
crazyideas,101,61,39.60,158,16.1087
cryptocurrency,98,48,51.02,123,7.7668
csgobetting,63,28,55.56,49,6.8434
dadjokes,125,45,64.00,111,3.3915
dailydot,944,0,100.00,190,0.275
darksouls2,83,48,42.17,80,8.185
dayz,59,13,77.97,78,9.3819
deadbedrooms,51,43,15.69,72,5.652
debatereligion,60,43,28.33,106,7.0144
depression,218,207,5.05,311,18.7048
diablo,67,43,35.82,86,12.2399
diy,51,22,56.86,232,35.517
dogecoin,779,74,90.50,584,54.5231
dogecoinbeg,86,0,100.00,38,1.4369
dogecoinscamwatch,71,9,87.32,31,1.3758
dogemarket,165,15,90.91,174,19.3019
dogemining,59,1,98.31,50,5.8242
dogetipbot,54,1,98.15,21,1.0118
dota2,239,231,3.35,397,54.3574
dota2modding,50,19,62.00,10,1.0148
dota2trade,104,32,69.23,36,4.2701
eatcheapandhealthy,169,9,94.67,63,15.9802
eddfaction,79,1,98.73,20,0.6937
electronic_cigarette,194,180,7.22,256,25.1565
enhancement,97,66,31.96,154,9.3373
enoughlibertarianspam,90,43,52.22,101,1.9096
entrepreneur,238,216,9.24,371,24.5551
europe,118,56,52.54,364,51.9412
everysinglethread,231,0,100.00,108,0.2704
explainlikeimfive,598,391,34.62,666,83.7259
femalefashionadvice,88,77,12.50,66,7.4505
femradebates,85,41,51.76,75,2.0871
fitness,240,173,27.92,353,45.5618
france,309,86,72.17,220,11.5282
frisson,93,14,84.95,82,2.5717
frozen,64,5,92.19,66,6.7205
frozenfriends,70,3,95.71,34,0.6587
futurology,50,23,54.00,280,38.4813
games,168,129,23.21,534,77.443
gaybroscirclejerk,88,10,88.64,8,0.4534
gcdeletes_instant,104,0,100.00,8,0.2704
globaloffensive,140,130,7.14,388,62.9856
globaloffensivetrade,106,93,12.26,94,11.053
guildwars2,104,66,36.54,143,22.0825
guitar,72,57,20.83,143,15.8336
gunners,62,52,16.13,53,7.8594
hailcorporate,1327,233,82.44,484,4.4448
heat,57,18,68.42,32,3.3728
hiphopheads,80,58,27.50,206,28.1689
hockey,346,230,33.53,244,29.8367
iamarequests,53,6,88.68,33,4.952
icandrawthat,79,55,30.38,109,3.9651
ideasfortheadmins,143,90,37.06,178,48.9093
india,217,164,24.42,398,33.5951
jokes,77,37,51.95,273,32.9514
karmaconspiracy,65,37,43.08,54,0.834
karmacourt,516,448,13.18,429,8.2796
karmacourtattorneys,71,3,95.77,20,0.618
karmacourtblog,81,17,79.01,48,1.3411
keto,185,163,11.89,167,11.8693
magicthecirclejerking,159,104,34.59,40,1.5151
marketing,50,34,32.00,78,5.3709
math,73,53,27.40,166,19.861
mensrights,160,147,8.13,234,10.3476
metaljerk,60,4,93.33,25,1.3443
metanarchism,164,91,44.51,104,1.3002
mindcrackdiscussion,83,1,98.80,7,1.0042
minecraft,94,79,15.96,289,49.3552
minecraftsuggestions,71,69,2.82,33,6.5809
mlplounge,209,124,40.67,129,6.8703
mls,52,44,15.38,112,18.2063
modernmagic,97,70,27.84,43,7.6195
monsterhunterclan,54,14,74.07,4,0.6156
mrselfpostcopies,167,0,100.00,89,0.3277
music,212,113,46.70,420,57.641
naruto,72,25,65.28,66,7.0471
nba,163,152,6.75,275,37.1229
needamod,70,46,34.29,168,28.3051
nofap,162,114,29.63,219,16.9168
nolibswatch,132,34,74.24,80,1.1675
nosleepsleuths,56,5,91.07,35,1.8594
offmychest,233,64,72.53,392,46.4104
openbroke,296,294,0.68,204,0.6138
oppression,113,93,17.70,160,2.1553
orangered,71,6,91.55,33,1.8974
paranormal,65,47,27.69,88,15.5034
parenting,63,21,66.67,135,11.9509
photography,92,60,34.78,148,14.8879
picrequests,109,41,62.39,135,5.755
pka,55,32,41.82,66,1.4536
planetside,77,53,31.17,123,20.0501
pokemongiveaway,127,94,25.98,60,2.9819
pokemonplaza,157,144,8.28,44,3.3822
politicaldiscussion,56,43,23.21,154,15.2887
pornfree,93,42,54.84,56,2.5802
quebec,91,31,65.93,82,3.5821
quotes,61,44,27.87,85,4.6068
randomkindness,58,32,44.83,106,8.6236
rant,75,58,22.67,129,7.3828
reddcoin,71,4,94.37,57,3.6935
redditdads,76,64,15.79,53,1.1212
redditdev,71,61,14.08,141,10.474
redditinsider,78,0,100.00,64,0.3324
redditup,53,0,100.00,24,0.2704
redditvoidcoc,60,0,100.00,7,0.4253
reddoge,436,0,100.00,146,0.2704
relationship_advice,120,89,25.83,171,12.3456
relationships,210,126,40.00,446,49.1035
relaxedpokemontrades,51,21,58.82,17,0.5986
resissues,134,120,10.45,160,54.785
sb4b,85,74,12.94,2,0.4571
scotch,142,15,89.44,29,4.5082
sex,102,73,28.43,272,31.0161
shave_bazaar,103,28,72.82,26,3.1463
shinypokemon,108,17,84.26,23,1.5876
shitamericanssay,395,86,78.23,179,2.1648
shitredditsays,286,215,24.83,313,6.6799
shittyaskscience,77,70,9.09,100,8.3602
skeptic,65,16,75.38,86,3.5239
smallbusiness,58,42,27.59,68,4.4964
smite,109,72,33.94,128,17.8518
soccer,283,202,28.62,403,64.1983
sportsbook,167,44,73.65,31,2.2297
squaredcircle,224,160,28.57,252,26.5686
srsdiscussion,50,20,60.00,67,2.7206
srssucks,103,56,45.63,122,2.5339
stalkerwatch,66,5,92.42,39,0.513
starcraft,81,60,25.93,132,14.0698
startups,122,81,33.61,178,14.9408
steam,106,94,11.32,265,40.8753
suicidewatch,228,212,7.02,267,10.0983
sweden,105,75,28.57,220,19.826
swoleacceptance,115,46,60.00,74,1.1871
tagpro,206,76,63.11,140,18.2018
talesfromtechsupport,61,52,14.75,139,20.8145
television,50,41,18.00,226,30.0195
thebutton,62,0,100.00,164,22.7829
thepopcornstand,210,45,78.57,140,1.0124
tiadiscussion,110,34,69.09,76,5.8399
tifu,161,83,48.45,469,60.1143
travel,52,45,13.46,173,16.0223
tronscript,79,17,78.48,16,1.9287
twitchplayspokemon,76,59,22.37,73,10.6402
ukraina,55,22,60.00,60,5.7968
ultrahardcore,161,45,72.05,112,18.1056
unitedkingdom,64,47,26.56,224,23.3889
volunteer,54,1,98.15,56,0.4843
wearethemusicmakers,53,47,11.32,116,12.0397
webdev,74,66,10.81,155,18.4879
writingprompts,905,802,11.38,1143,144.7743
xboxone,78,69,11.54,226,29.9982
xxfitness,75,73,2.67,81,6.0523
ygobinders,93,64,31.18,7,0.8825
yugijerk,57,6,89.47,7,0.6382
